{"train_loss": [0.3147796392440796, 0.3021332025527954, 0.29019230604171753, 0.278771311044693, 0.26742568612098694, 0.2562604546546936, 0.24580442905426025, 0.23541182279586792, 0.22515910863876343, 0.2148328721523285, 0.20430855453014374, 0.1937149167060852, 0.18313072621822357, 0.1725219339132309, 0.16181182861328125, 0.15098336338996887, 0.140097513794899, 0.12929777801036835, 0.11864285171031952, 0.10802309960126877, 0.09763088822364807, 0.08760565519332886, 0.07799922674894333, 0.068884938955307, 0.06032703071832657, 0.05242712423205376, 0.045270297676324844, 0.03895271569490433, 0.03354960307478905, 0.029111407697200775, 0.02567877061665058, 0.023251483216881752, 0.021775422617793083, 0.02115136943757534, 0.021234896034002304, 0.02183239720761776, 0.022729570046067238, 0.023695534095168114, 0.024524591863155365, 0.025055788457393646, 0.02519426867365837, 0.024912087246775627, 0.02423827163875103, 0.023247133940458298, 0.022039208561182022, 0.02072390727698803, 0.019405029714107513, 0.018166344612836838, 0.01706700026988983, 0.016145257279276848, 0.015416889451444149, 0.014878353103995323, 0.01450564805418253, 0.014272626489400864, 0.014140692539513111, 0.014072181656956673, 0.014031981118023396, 0.01399088092148304, 0.013929986394941807], "train_l1": [], "train_r2": [-2.8060178756713867, -2.653108596801758, -2.508732795715332, -2.3706398010253906, -2.2334585189819336, -2.0984585285186768, -1.9720346927642822, -1.8463773727416992, -1.7224109172821045, -1.5975556373596191, -1.4703059196472168, -1.3422176837921143, -1.2142434120178223, -1.085972785949707, -0.9564757347106934, -0.8255480527877808, -0.6939265727996826, -0.5633465051651001, -0.43451762199401855, -0.3061133623123169, -0.18046045303344727, -0.059244394302368164, 0.056907057762145996, 0.1671086549758911, 0.27058279514312744, 0.3661007881164551, 0.45263421535491943, 0.5290207266807556, 0.5943498611450195, 0.6480123996734619, 0.6895166635513306, 0.7188650965690613, 0.7367121577262878, 0.7442575693130493, 0.7432477474212646, 0.7360233068466187, 0.7251754999160767, 0.7134959697723389, 0.7034717798233032, 0.697049081325531, 0.6953747272491455, 0.6987866759300232, 0.7069337368011475, 0.7189176082611084, 0.7335227727890015, 0.7494261264801025, 0.7653727531433105, 0.7803497910499573, 0.7936419248580933, 0.8047868013381958, 0.8135935068130493, 0.8201050758361816, 0.8246113657951355, 0.827428936958313, 0.8290241956710815, 0.8298524618148804, 0.8303385972976685, 0.8308355808258057, 0.8315717577934265], "val_loss": [0.39565446972846985, 0.38189491629600525, 0.36875200271606445, 0.3556213676929474, 0.3428172767162323, 0.33069664239883423, 0.31860432028770447, 0.3066578209400177, 0.29454928636550903, 0.2821825444698334, 0.2696647047996521, 0.25715264678001404, 0.24447031319141388, 0.23162603378295898, 0.2185397893190384, 0.20528070628643036, 0.19202794134616852, 0.17883731424808502, 0.1655125617980957, 0.15237300097942352, 0.13950735330581665, 0.1269654482603073, 0.11486206948757172, 0.10323502123355865, 0.09221457690000534, 0.08189135044813156, 0.07237942516803741, 0.0637769103050232, 0.05615146458148956, 0.04958101734519005, 0.04410726949572563, 0.03970427066087723, 0.036319274455308914, 0.03385375440120697, 0.03216494619846344, 0.031078869476914406, 0.030377574265003204, 0.029869675636291504, 0.029401279985904694, 0.028869738802313805, 0.028229985386133194, 0.0274841096252203, 0.026672331616282463, 0.02585715986788273, 0.025108782574534416, 0.024490932002663612, 0.02404659613966942, 0.023797767236828804, 0.023747162893414497, 0.023879602551460266, 0.02416890859603882, 0.024562230333685875, 0.025021065026521683, 0.02548035979270935, 0.025892043486237526, 0.026211068034172058, 0.026403672993183136, 0.026451652869582176, 0.026349036023020744], "val_l1": [], "val_r2": [-2.1279332637786865, -2.0191540718078613, -1.9152498245239258, -1.8114428520202637, -1.7102172374725342, -1.6143949031829834, -1.518796443939209, -1.4243509769439697, -1.3286242485046387, -1.230855941772461, -1.1318936347961426, -1.0329766273498535, -0.9327138662338257, -0.8311706781387329, -0.7277141809463501, -0.6228916645050049, -0.5181190967559814, -0.4138377904891968, -0.3084958791732788, -0.20461833477020264, -0.1029059886932373, -0.003753185272216797, 0.09193265438079834, 0.18385285139083862, 0.2709773778915405, 0.3525899052619934, 0.42778855562210083, 0.49579763412475586, 0.5560822486877441, 0.6080263257026672, 0.651300311088562, 0.686109185218811, 0.7128700017929077, 0.7323617339134216, 0.7457129955291748, 0.7542991638183594, 0.7598434090614319, 0.7638586759567261, 0.7675617337226868, 0.7717639207839966, 0.7768216133117676, 0.7827183604240417, 0.7891359925270081, 0.7955805659294128, 0.8014969825744629, 0.8063815832138062, 0.809894323348999, 0.811861515045166, 0.8122615814208984, 0.8112145662307739, 0.8089274168014526, 0.8058179020881653, 0.8021904826164246, 0.7985594272613525, 0.7953047752380371, 0.7927826642990112, 0.7912599444389343, 0.7908806800842285, 0.7916918992996216], "corr": [], "out0": [1.5218353271484375, 1.2109510898590088, 1.534698486328125, 0.9611223936080933, 0.9585310220718384, 1.483191728591919, 1.528641939163208, 0.9595286846160889, 1.3704864978790283], "labels": [[1.75], [1.2000000476837158], [1.8500001430511475], [0.949999988079071], [0.699999988079071], [1.5499999523162842], [1.7999999523162842], [0.8500000238418579], [1.2999999523162842]], "unique_labels": [0.699999988079071, 0.8500000238418579, 0.949999988079071, 1.2000000476837158, 1.2999999523162842, 1.5499999523162842, 1.75, 1.7999999523162842, 1.850000023841858],